Country Name,CPI_AnnualChange,GDP_Growth,MoneySupply_GDPpct,ExchangeRate_LCUperUSD,CPI_log,MoneySupply_log,ExchangeRate_log
Afghanistan,5.253529919536555,4.582871278656109,33.24119278206745,43.662639584234995,1.7813792258299845,3.5243221029917033,3.7628656160889626
Africa Eastern and Southern,10.17569769197974,3.1425065134716186,39.91699081865262,,2.3542457970374087,3.699408582534637,
Africa Western and Central,4.633680840330434,3.5692703998524165,37.42496909482528,,1.4618059786606872,3.2599270467989805,
Albania,14.359573124751105,2.9296476675070253,71.35183438445256,110.77660302208061,1.6547731348534098,4.2629315332530044,4.702734117780543
Algeria,8.529513271853164,3.5653753525117304,59.33540001677871,44.389203672849284,2.0206492360713537,4.074074023095051,3.0884369801982103
American Samoa,,-0.5422612367747479,,1.0,,,0.6931471805599453
Andorra,,2.6357678756766885,,0.911342292146919,,,0.6475886374157369
Angola,328.61542272401437,3.3678385020168067,27.42364846883039,83.14604618047572,4.019061317434411,3.293436929084806,1.901159763557884
Antigua and Barbuda,2.277022664410959,3.4063071858129144,68.14116740774602,2.4931539620684404,1.0025680310939562,4.199476706737962,1.2446686725611817
Arab World,5.594994650794544,4.486141423730041,47.4778712051601,,1.7596415656960909,3.81602322718016,
Argentina,,2.269842568949688,23.597552914182785,27.197413674399733,,3.1754151186917055,1.12503064674211
Armenia,118.73453221311085,3.7260729887337196,31.297336390179233,434.54490523975943,1.7763819240354366,3.2820010590319426,5.974912984587198
Aruba,2.9573969102312523,3.5376356416102417,63.93717992684765,1.79,1.299551449200672,4.150860088544303,1.0260415958332743
Australia,4.67956683532742,3.345210268112819,69.18864548872307,1.1822093854433453,1.540740809654686,4.166058395368826,0.7717962072456938
Austria,3.3634992864955398,2.5697306398191713,,11.305788199079512,1.368743750809133,,1.9936052220266893
Azerbaijan,101.957088737518,3.8850149592455514,26.912334124998093,1.0229279494201722,2.1696414451005444,3.2277165760470137,0.6756951540731374
"Bahamas, The",3.973894708737757,3.171343308021593,46.508600388877326,1.001884,1.4242655541983664,3.8265812874238994,0.694084406457285
Bahrain,3.428263801505724,4.608100192069882,57.84417527576119,0.38924634576705575,1.1166154876518577,4.044424346411415,0.32852455265980024
Bangladesh,6.4844072634242655,4.403908683498651,36.01871645764194,49.4254308329541,1.9597615878928356,3.477644868327587,3.715015864298932
Barbados,6.109529986045769,2.041938337442543,70.92537871312891,1.964086216667899,1.7195867036016086,4.203415161529775,1.0860468932148692
Belarus,162.98838202327155,2.401091980875018,26.042034168992455,0.9367903322767783,3.398165094730829,3.244928285282403,0.5295139252676813
Belgium,3.498708218546301,2.5590036183144003,,25.448756976600794,1.3430966760806187,,2.4901256613260343
Belize,2.4807122739042664,4.862615519483576,45.359160958815295,1.8933997390434127,1.1456219308893767,3.769179667074516,1.059686889714522
Benin,3.8389699833509607,3.9491903323645734,20.864250605306424,410.72947499700496,1.0829168729966263,3.026633371335628,5.9446909438294435
Bermuda,,2.4683205441246128,,0.9826003846153846,,,0.6841243167192541
Bhutan,7.112164868788116,6.1027439163956965,48.80603079756942,31.065067691829924,1.9978134506252252,3.8068808011215562,3.106557249335552
Bolivia,219.4274477896787,3.440367392986342,41.14619363485699,3.5843143744256407,2.310747410542762,3.496060162672279,1.1453892050813006
Bosnia and Herzegovina,2.332680808420158,5.937548278606405,53.298515145675665,1.6856790001711215,0.9118227548842929,3.9336107106374585,0.984888585281334
Botswana,8.761568573694722,7.417866944388236,35.33373637946562,4.152379956191743,2.1999329510303185,3.5464631811756746,1.360129001582579
Brazil,267.7297262373455,3.8589919786141524,48.256556303560664,1.2887883632435397,3.31206072612148,3.6438231862271158,0.5929766637468009
Brunei Darussalam,1.3938200650168386,0.8565407048249207,70.3377454833624,1.9944935308997227,0.6885594541303758,4.248836203001537,1.076093199202595
Bulgaria,51.69446337902383,1.8737847920712432,66.25706349353683,0.9701086751697844,2.2113556528449507,4.156277944611887,0.5699081580976074
Burkina Faso,4.322551630783445,4.4108112785249025,20.273284418745416,410.7592696281715,1.3413023849843049,2.9072240467718253,5.944740984510454
Burundi,10.199195673924757,2.51418010969234,20.676653339778355,625.7238851670428,2.200955151292892,2.9827152193940116,5.67987379751327
Cabo Verde,3.697530043194834,6.102589157167819,66.20069623064977,68.6988059509376,1.4238754293710383,4.144343355397643,4.127581403736602
Cambodia,4.3204378454721475,4.591696100715109,41.55263664959117,2557.6977066539134,1.283574538998351,3.3935779829691572,6.904882226936804
Cameroon,5.638360880131223,3.611813731998189,16.60308248438178,410.7592696281715,1.6340604560746483,2.8406862933175407,5.944740984510454
Canada,3.722376057931172,3.0273027339807923,72.48788091082227,1.201845527439525,1.3887582906619826,4.210254427628461,0.7867648896241318
Caribbean small states,4.969377860591399,3.2737278116512574,50.462060847247294,,1.5054414298996897,3.908005758213719,
Cayman Islands,0.4646185135994754,1.5369385273355998,,0.8181061849400452,0.47699126031999173,,0.5975627232921357
Central African Republic,3.8619773663160513,1.3974170055999555,18.894365892318667,410.7592696281715,1.5481181968548714,2.9633285442733324,5.944740984510454
Central Europe and the Baltics,15.92829669947613,2.487011939403711,51.81976606128975,,1.876226712837438,3.9481883614140525,
Chad,3.869409651546261,3.535589838642954,10.89687594867126,410.7592696281715,1.487808852421869,2.432737588342724,5.944740984510454
Channel Islands,,0.7765888493001422,,0.5745197891012216,,,0.45028730310016124
Chile,39.50174855605188,3.9218735485563974,47.7279139103816,330.42876933880103,2.472226250988826,3.6941579954687067,4.36009192526987
China,4.533868922094978,7.920939073278745,126.22416182261107,4.945965778602073,1.2413786444305073,4.68956366878403,1.6808329606600705
Colombia,13.796448299853974,3.977076562726235,31.735544150713913,1222.7825687988882,2.469634706307706,3.446164502446313,5.713750841867494
Comoros,3.191998996635534,3.184815006239995,17.779634170588274,343.888303937198,1.533581590669729,2.8570750893651247,5.807768862251087
"Congo, Dem. Rep.",675.8544336303113,1.9872296895952528,10.818852218697572,369.7392371676033,3.8027053801782884,2.3309931293984345,2.535009045428518
"Congo, Rep.",3.6729235567289047,3.5612993545587344,18.98008988323547,410.7592696281715,1.2123403969510589,2.969038008193588,5.944740984510454
Costa Rica,10.89733223953228,4.462116422373475,37.2166520945397,233.33391431432693,2.0124186004781306,3.577173454239949,4.402326397048816
Cote d'Ivoire,5.266702846496525,4.33086532879418,25.262587215297394,410.7592696281715,1.5053861476574641,3.233986232711346,5.944740984510454
Croatia,120.84897475075367,1.356464393290104,,5.698765475391566,2.2765510724639957,,1.8324976418599115
Cuba,,2.5873590326344065,,0.9719777767777777,,,0.6785666117484246
Curacao,2.1815411423469224,-0.16174044169269772,,1.7900000000000003,1.0129789342806874,,1.0260415958332743
Cyprus,3.4217991860336205,4.911108208513305,,0.5483661572262245,1.285260589156617,,0.4303570342866628
Czechia,4.880572223806695,1.825708068378722,69.09325501808092,25.120997812500004,1.4907049015479783,4.235942542245369,3.241514508463621
Denmark,4.377276791889636,2.4793244124944827,52.90092305629187,6.702822426490812,1.480083262154487,3.9748757142172124,2.0329700812612237
Djibouti,3.425902200039763,5.591329753386042,71.96019335477963,184.81953978269237,1.2394192290923036,4.281689247351289,5.222039737638748
Dominica,4.183507837644345,2.217544356802275,65.31014545399226,2.4931539620684404,1.2712528391205835,4.146742266559904,1.2446686725611817
Dominican Republic,10.169470051751505,5.169818333319405,28.1181321382256,18.292240392175177,2.0659629798573427,3.339291591621046,2.2100256206023943
Early-demographic dividend,7.256874818310369,4.198036918123601,39.16549107495348,,2.0091426132770835,3.645495735169049,
East Asia & Pacific,3.816504226471305,5.265880570306727,139.20976093531004,,1.4816015107975353,4.880507082025331,
East Asia & Pacific (IDA & IBRD countries),4.755985481484766,7.038346795550444,112.92267464950486,,1.6711955539695666,4.589060432778409,
East Asia & Pacific (excluding high income),5.464612834430727,7.039902063076245,112.92267464950483,,1.7830292054217505,4.589060432778409,
Ecuador,16.872996595590113,3.7106769752741955,23.04130220104505,558.0500701743441,2.2696356620924862,3.0367799059925056,3.0987726276112797
"Egypt, Arab Rep.",10.339455686158548,5.107051151302121,70.08692552397368,5.039615502084372,2.236099420141196,4.206627212147159,1.29154507060759
El Salvador,6.941123299980412,2.1984559725523387,42.93865643688552,3.1083089917186943,1.6125456610322282,3.723665740083821,1.2470708475999064
Equatorial Guinea,3.792076569870658,12.44204657528901,13.264874363123335,410.7592696281715,1.5905143186255362,2.555273805790985,5.944740984510454
Eritrea,,3.7843554813571987,132.02116213313457,7.497757105880054,,4.875131787151878,1.871283775835077
Estonia,9.816872424220577,2.1214629348904586,,7.876713169913937,1.6771974754530983,,1.7626882051503248
Eswatini,9.16339697539453,4.783597635475497,26.300720048709206,5.293296607442413,2.178716349323928,3.285397170983076,1.4924972009725248
Ethiopia,10.121722709150475,5.236928877265835,21.538734616952876,9.441233882860507,2.1879388660450343,2.951758351020104,1.9045382822890604
Euro area,4.247784347970603,2.568667637995389,,0.8583036742382788,1.479850777004426,,0.6178901013328405
Europe & Central Asia,4.173463714467756,2.556433463135752,,,1.4624547481993515,,
Europe & Central Asia (IDA & IBRD countries),17.39045152525232,2.16792844547647,31.897907298820833,,2.166973096115291,3.4065870226969825,
Europe & Central Asia (excluding high income),41.777723393422235,3.2056450450952725,31.304594441974135,,2.290134549517327,3.407747541031834,
European Union,4.474818735967626,2.6053469977809045,,,1.5385660122842828,,
Faroe Islands,,2.6715893765761787,,6.702822477772862,,,2.032970087706491
Fiji,5.405176805907652,3.079917131200386,50.652724472094654,1.4291610804112314,1.693781870441822,3.8849391328188108,0.8636998612955209
Finland,4.526141350554741,2.6309494780056606,,2.886737564186534,1.4394591245888084,,1.234125407820923
Fragile and conflict affected situations,6.852416110109401,3.0432353865639383,28.87840070690212,,1.9144770573742511,3.3465378222877953,
France,4.038373291660402,2.671911798422639,,3.636926355701906,1.3923276142711938,,1.3623598892843498
French Polynesia,,1.9014251908714221,,100.85515102150428,,,4.610946828390149
Gabon,4.675243709851714,4.019875845370668,17.88759782129099,410.7592696281715,1.4915436561318804,2.924691348565275,5.944740984510454
"Gambia, The",8.260801590672921,3.7549836508123033,25.713108652394563,16.137519861100195,2.0125672230967337,3.210117592136775,2.2768713619499352
Georgia,11.942226957038313,3.0326963194189336,28.64902137760599,2.080999885984428,1.7357817647000828,3.1915982064317685,1.110777633169823
Germany,2.6891371676134175,2.2210161329823643,,1.9422794999172044,1.1855943479362858,,1.0066411399798214
Ghana,27.17350645288834,3.708724963719028,23.03546099732561,1.1328020384052124,3.066304485852214,3.149691009674608,0.4657199530688311
Gibraltar,,,,0.5745197891012215,,,0.4502873031001612
Greece,7.734596526568017,2.7914712283023415,,68.42756492605982,1.741666387511189,,2.9329880410446965
Greenland,,2.7313100761027758,,6.703448057580456,,,2.033049351057478
Grenada,4.178491104534025,3.1218147774688285,71.71228945143343,2.4931539620684404,1.0947191644330991,4.236501016700334,1.2446686725611817
Guam,,0.9371967558262118,,1.0,,,0.6931471805599453
Guatemala,7.624176921695547,3.8406054376161776,31.231370430956275,4.421989390870513,1.7779329167583688,3.375818503871527,1.4809678103055945
Guinea,13.970526971437891,3.9482300167643016,15.534800367683552,2152.074620625092,2.5896626537123693,2.6828436801702793,5.806560005272082
Guinea-Bissau,15.820829494978629,3.4371921538455097,22.601504634007267,410.7592696281715,2.1141419951423543,2.942135044547109,5.944740984510454
Guyana,4.448047584128492,5.161932895192031,57.12423586997105,99.54843723897253,1.5906773363327058,3.9577356769390857,3.407834076941902
Haiti,11.256500064155025,1.188170599744547,24.91000265118202,26.94279127089936,2.3000852807250407,3.1967733789453927,2.7494584332205685
Heavily indebted poor countries (HIPC),7.337826150635427,3.3071656627520762,46.41162543921225,,2.0218142295752632,3.4537253050580015,
High income,3.4379865086193493,2.948686582813314,90.6391207050927,,1.3779805856400928,4.488087888280091,
Honduras,7.90048933417599,3.903162877511844,35.19548064245208,10.4465010069365,1.9910127940604276,3.4554762484387425,1.9909011413969573
"Hong Kong SAR, China",3.895915083348981,5.475457041418507,296.455715540512,6.965475225976395,1.556479213323046,5.637165870128286,2.0642994007432547
Hungary,9.125580425169222,3.374838938304055,52.23224321659782,154.01424839152486,2.016708554480861,3.963964649178177,4.756019679885454
IBRD only,8.771958392778165,4.83312078924002,63.43163508234151,,2.1362752226781985,3.9756204055187894,
IDA & IBRD total,7.3612854916501345,4.7043438241063384,61.149267840107484,,2.0273629359622336,3.940143790649023,
IDA blend,5.538569592004031,3.9904495064576997,26.91927758446628,,1.7499292012486547,3.31581639954846,
IDA only,7.021110730232717,3.5041763293352104,45.29519957141837,,2.005789741866973,3.5768158208512366,
IDA total,6.451886025338314,3.7096220706577525,35.16469267170593,,1.9459597476427992,3.4738116448467937,
Iceland,14.807893822668385,3.7273285807694556,46.99187407538283,56.47232346933871,2.2736675897783742,3.7738049824604545,3.1335069311215102
India,7.301624925773582,5.241023701719435,47.10127656993846,31.065067691829924,2.004638273148443,3.766946042315445,3.106557249335552
Indonesia,41.9869554169517,5.1092209646238125,34.77674511735659,5833.5035593684115,2.5844061766094377,3.4789780621108055,7.921756168871567
"Iran, Islamic Rep.",17.21450447709998,4.0439557489335956,41.97106883722602,7962.509545640869,2.5961885129830624,3.701224971074263,6.639856619196884
Iraq,32.01117072341222,6.874035571219417,30.91769242143345,1385.5467066480428,2.096664690814758,3.4216053126536243,6.176744646547063
Ireland,5.222057806943717,4.918809244159857,,0.6723188962325187,1.4934753774049387,,0.5063095890455448
Isle of Man,,4.99990251031748,,0.5745197891012215,,,0.4502873031001612
Israel,28.209735241508113,5.041194457649811,63.03065133504613,2.0805858246528626,2.106971269782738,4.052215659617335,0.8975036109037084
Italy,5.609602180717274,2.29573135596996,,628.3123609271238,1.5887278808671632,,4.368514072297053
Jamaica,13.044069981409418,1.4171444765345835,45.77386030242168,43.33667382632912,2.354015301363591,3.8031151564034005,2.671194930820918
Japan,2.930647474555693,3.318273421798084,172.22453429898846,191.057042305957,0.9107152030208243,5.066545435119699,5.1311819771528056
Jordan,5.62602319147996,4.575139865553486,98.27402931996852,0.5436134078138036,1.5111150416251955,4.54442949539165,0.4273242701652211
Kazakhstan,75.64612553047239,3.002941176409621,28.240829312267778,207.42062679211466,2.5618839150201103,3.287814091333005,5.138537211930323
Kenya,9.702477372575414,4.625664210080838,33.806665766724734,47.309628666930664,2.0968622907242223,3.5382337876589003,3.3937489761304573
Kiribati,2.5337629888930744,2.672475175999281,,1.182209385443345,1.344300457453553,,0.7717962072456938
"Korea, Rep.",7.503476005961575,7.024963830073864,67.43271120095115,794.4950641025639,1.838705060025367,3.922744723848245,6.505231986641417
Kosovo,2.2966355579473836,4.3336096798426516,47.636534071355335,0.8339915042364417,1.1152545479212084,3.8758334082408177,0.6052908587199178
Kuwait,3.9673346246260865,2.5195793701015314,67.53548512995596,0.30538123839591913,1.3913021117843778,4.126804708216145,0.2662893956156132
Kyrgyz Republic,10.227122042530047,2.6212617462184538,26.561265371646915,49.77885919608216,2.1066992054204454,3.2385786499209774,3.802646356928971
Lao PDR,17.46895756951253,5.971393579614239,17.796722747276572,3942.8747903801577,2.3337454748970883,2.8646661738478474,6.913132058000424
Late-demographic dividend,4.851912962538532,5.410510970751095,95.54630130099032,,1.6763601682286031,4.412811123945011,
Latin America & Caribbean,7.59143930994414,3.4092780455410643,37.06865835198693,,1.9749228717077445,3.549565954593482,
Latin America & Caribbean (excluding high income),7.995971594357978,3.398365433508346,36.3638912815222,,2.010888675571917,3.524779885133587,
Latin America & the Caribbean (IDA & IBRD countries),7.542300812907088,3.42882251019158,37.04594688425648,,1.9593365267210832,3.548839890132799,
Latvia,38.14901720903331,1.7122943038475587,,0.6728917843219863,1.8605870710861834,,0.5102227735854028
Least developed countries: UN classification,7.483828910890916,3.4220154736047403,45.496005828213335,,2.055029988225822,3.5095334507861717,
Lebanon,44.35556204288165,3.5480881068279615,196.85968404254993,2366.6248658970617,2.426002749536045,5.254036617689861,4.9577605273052106
Lesotho,9.13511840462298,4.115930604378567,36.60300257354466,5.293018503749049,2.3225949892024094,3.607044741800071,1.4924797813347515
Liberia,11.311056499931611,2.0148574401899997,9.18391612181612,54.03882537377775,2.438424408277902,1.8170558796128753,3.377669911845498
Libya,5.849276045355365,5.707729755526788,50.81743252038328,0.8975984807506492,1.9251846333117626,3.7499419859780505,0.5429954230523164
Liechtenstein,,3.7856096395565695,,0.880440833333333,,,0.6315062351699584
Lithuania,50.49511609726663,2.012923610852988,,2.4978307278492813,1.749925391478159,,1.1817388551782304
Low & middle income,7.095620663953773,4.973121467905112,64.29356840295748,,2.001911151258084,3.9822872250984584,
Low income,7.298780952318277,2.4937248415630866,69.81872791506427,,1.986008160627436,3.673200971415319,
Lower middle income,7.2854772887536265,4.549884036216377,42.425897012266105,,2.0506923939849915,3.6919823787530386,
Luxembourg,3.2553773770762002,3.362787377369462,,25.448756976600794,1.286679389331388,,2.4901256613260343
"Macao SAR, China",3.4700293259041373,6.4086704847502585,145.3986114800059,7.34122981966954,1.5004286318452802,4.929440534813528,2.111538050431277
Madagascar,11.148917487483864,2.0508867901815235,18.52843786930679,1140.021816513608,2.30572496754201,2.948764988172171,5.923074966859096
Malawi,19.730724324074934,4.153469104161261,14.398504426400121,151.63057170036578,2.8787940884024796,2.7031407524909437,2.7957981854583136
Malaysia,2.8922322943048715,6.07004653970722,97.2112954450932,3.1447995110554974,1.1632260656370148,4.470355889799889,1.4095097803032086
Maldives,4.748633833288152,7.1972271527327525,39.43013320263768,10.029189115581952,1.605314566828075,3.6660007009010145,2.3267971900170976
Mali,2.6880736142534705,4.243519467186271,20.31361859702068,410.7592696281715,1.0924271465120687,3.0381168359663615,5.944740984510454
Malta,2.9609144165038437,5.829678617876136,,0.4970444793241734,1.139544879348571,,0.394888661866327
Marshall Islands,,3.1637244134375795,,1.0,,,0.6931471805599453
Mauritania,5.539510263665058,3.5169774255424273,15.738355745348468,15.773723146152614,1.781614023559265,2.7072876610337104,2.5466734156257296
Mauritius,7.080378012542652,4.5062031570324805,70.81297996955655,19.311430274611496,1.8468600316522465,4.155487528046159,2.7800187664742637
Mexico,18.268856050015618,3.5411347299472364,28.924435900813375,6.550669999523225,2.338979060599612,3.3756392419755774,1.3906730355474426
"Micronesia, Fed. Sts.",2.5918529541216198,2.4053164527226567,50.17165431876139,1.0,1.1017711030366921,3.9070755013431784,0.6931471805599453
"Middle East, North Africa, Afghanistan & Pakistan",5.557170301784458,4.7052969851049715,48.44358063195709,,1.7536941570902025,3.849984108133556,
"Middle East, North Africa, Afghanistan & Pakistan (IDA & IBRD)",6.676545327408701,4.325483735884388,53.71467595653944,,1.9278402999134687,3.96024068414228,
"Middle East, North Africa, Afghanistan & Pakistan (excluding high income)",6.923618469250489,4.32351251810919,53.74186749878165,,1.9694021661877483,3.960672999581422,
Middle income,7.178278320445372,5.024235728467065,63.5423037902601,,2.014214427969779,3.971091749485348,
Moldova,105.30329955995299,-0.023306493348054187,39.33994510100255,13.281365646824666,2.6964697682499006,3.630424504577682,2.59845348272549
Monaco,,3.1854701984408775,,3.636926355701906,,,1.3623598892843498
Mongolia,21.099856082900278,4.595459960826807,39.07633005440985,1495.4160153534253,2.3522338289389,3.607131054371763,6.951821575689794
Montenegro,3.315268467406406,2.6587857858202644,47.447129065060636,0.8584356091078497,1.1110138482534868,3.784609281773038,0.617959203818715
Morocco,4.1489497369219865,4.40140496339877,63.286493647891774,7.5733701002801865,1.3980361045962553,4.033009220264683,2.111515590608794
Mozambique,7.682132661090193,4.803672299560818,31.55278702901615,16.53421968068671,2.015422341220877,3.3865830225965134,1.7110327650541421
Myanmar,13.269258087296754,5.149600496005597,30.244038882874428,179.63709310701216,2.317456706756938,3.403661578552114,2.6897015735638785
Namibia,5.339667370065687,2.9507052138720082,46.18533237283817,5.443326948044892,1.8035335975527353,3.810582961014501,1.5233775310730906
Nauru,0.08777490064916452,-1.3841184943686347,,1.182209385443345,0.06467447437472366,,0.7717962072456938
Nepal,7.8177036571338245,3.789695833301703,44.59809880679358,49.22574152843616,2.1301996671786787,3.518169817860343,3.5114087564174734
Netherlands,3.403716397867794,2.7594992475859534,,1.9664137962043313,1.3190484351040717,,1.0209015336123741
New Caledonia,1.1306598518030495,3.821549282659177,,100.85515102150428,0.6898627436845892,,4.610946828390149
New Zealand,5.394795473188061,2.657314610144963,58.942126872249794,1.350231767000018,1.584624009765873,3.9234831161892854,0.8376215388986494
Nicaragua,6.865819097943991,2.8272889287416025,30.110642342443423,10.468571233117277,1.9886855429632488,3.341965666046795,1.521634156557973
Niger,4.388286341046669,3.013879287664371,12.087966583949344,410.7592696281715,1.4046347058151982,2.4829396583312473,5.944740984510454
Nigeria,16.25527120462075,3.6578682610702162,15.974628416716998,107.62900073310523,2.6040859899062365,2.774620414388133,2.8328963628047337
North America,3.7400402685244925,3.026671915035297,75.48067349197234,,1.4130304948281174,4.324507216290647,
North Macedonia,7.092006884709341,1.5402511588548355,42.47752209651055,51.495736854838704,1.1557662649946916,3.640997153157104,3.951381664288126
Northern Mariana Islands,,-1.9290429112936223,,1.0,,,0.6931471805599453
Norway,4.417132733902485,2.973462594147663,54.52028302653432,7.036493282134414,1.5307858625609423,4.011761573406763,2.0723265164621245
OECD members,4.913626064568002,2.941344391305388,92.10184278038503,,1.6066862972848108,4.504287983642059,
Oman,2.090439045160353,7.644561848927698,28.797638162637032,0.3753811753331239,0.795941599277164,3.35928652772411,0.3186335678079036
Other small states,4.385457639544399,3.3542853230269407,33.62824005538606,,1.5847200340013778,3.5432267807540114,
Pacific island small states,3.4165244627184137,2.3177557700726883,47.18829494455818,,1.3500968345480722,3.830688834224787,
Pakistan,8.642020065187223,4.964528557107348,43.05138947687899,52.00325994695988,2.076373671982994,3.7777290517964133,3.3398697707648415
Palau,3.514083076592786,0.9016052548357157,,1.0,1.366653090316688,,0.6931471805599453
Panama,2.5505293896138563,5.274549205849372,40.69747474270629,1.0,1.0285812162111863,3.571828178353504,0.6931471805599453
Papua New Guinea,6.944199442902852,3.824474830018889,32.25029373251924,1.7473979367170738,1.932911054325599,3.4973584825820794,0.9369605765670712
Paraguay,10.284450589366356,4.507095807472915,25.695618349267466,2517.527865382307,2.1031661457556527,3.2023678056868774,6.816592018378293
Peru,205.11062582751643,3.4969408734471275,29.120963181633375,1.5354917911567436,2.678025374892795,3.335800088108367,0.704226913872071
Philippines,8.245933451684945,4.321940819740949,41.33088637778573,27.44719657343452,1.9754379641183137,3.616689222552064,2.9949188277645984
Poland,27.77255123356676,3.6812993123864133,50.17797431089872,1.7413995747863014,2.074393965634139,3.89408273959574,0.7652772141566276
Portugal,7.806214539150471,3.072343529258457,,50.01452413268618,1.7489803030129294,,2.731482607755969
Post-demographic dividend,4.30012958371611,2.877008751433566,96.3793051095881,,1.5182069250644445,4.5453627431155565,
Pre-demographic dividend,6.896942449412709,3.537571062124373,32.72428100825762,,1.954846772552731,3.279183556764205,
Puerto Rico (US),,3.0759059991688207,,1.0,,,0.6931471805599453
Qatar,3.222947923682453,5.960650097309027,54.31885385338118,3.800126993551225,1.2522338838734712,3.906853098792616,1.5662487826002816
Romania,40.99087638829855,2.2568704751521884,37.66305678358355,1.4092101016666436,2.683982329967759,3.6395133442605747,0.6182979387433651
Russian Federation,61.16174440988494,1.0330486934398033,46.72739136890452,38.13715725888046,2.8385792874781415,3.825153532701465,3.428594977520627
Rwanda,7.518135367329416,4.9059050027078825,16.208378022854113,346.3093597044506,1.8432090443941305,2.8211270158422677,5.355114366813902
Samoa,6.2373710856996905,2.0513170188238683,33.43729923768181,1.9229771279403904,1.6750475431526737,3.4215009163359476,1.0161534024865804
San Marino,2.031180174031449,1.4732273110529852,,629.1690803613119,0.9843667549227669,,3.899850346712023
Sao Tome and Principe,14.940622745031101,2.8071660725170484,30.922544259679213,6.768808251834751,2.6216530766004835,3.4086347363175147,1.2409795153264633
Saudi Arabia,3.3783182149344766,5.327168536984437,35.74932856620479,3.8410096028824725,1.1794637578621432,3.438439837964113,1.5748022797070242
Senegal,4.705234301802474,3.217788632479237,22.052181314182334,410.7592696281715,1.3855928020565063,3.035726325037034,5.944740984510454
Serbia,20.466407481804243,3.2292769289658363,35.151733120492665,76.0863455952381,2.42787284217099,3.46045555617413,4.187423418699123
Seychelles,6.356341802582006,4.534365782221407,58.27358480469986,7.735813716461032,1.56019544960904,3.999215471351986,2.0942573084522116
Sierra Leone,14.08309210296114,2.6851826657901627,2350.9076519947466,2.3058659123903102,2.5326072098435053,4.224441921347209,0.7498921039716706
Singapore,2.5630294183021323,6.920873393935762,88.94809806012901,1.994297369306943,0.9795830251814904,4.453276076019061,1.0760347696336945
Sint Maarten (Dutch part),2.271700322923587,1.2056559033268421,,1.7900000000000003,0.9507267337947266,,1.0260415958332743
Slovak Republic,5.66518033651016,2.662665305871269,,17.57296409530791,1.583897986314005,,2.0754595669113307
Slovenia,68.43139867719267,2.1867685386767035,,76.9440416517586,2.395474564208307,,2.670305040159338
Small states,4.043365111134896,3.0411257020290865,46.48907582730914,,1.4934378878100754,3.805007596879526,
Solomon Islands,8.363761958366949,2.654525622878201,29.436700376362506,3.944603974116883,2.037146013617435,3.378803053874608,1.3805160190807924
Somalia,,3.808364909801475,17.586843701503103,5751.636167468283,,2.8866642234749795,4.317391817847249
South Africa,7.6830733061048475,2.752139237308302,55.644749926241914,5.293018503749049,1.9869405721516054,4.023375783243142,1.4924797813347515
South Asia,7.190365785869514,5.093732888718076,45.33025273420754,,2.044006615032631,3.7315152582693822,
South Asia (IDA & IBRD),7.190365785869514,5.093732888718076,45.33025273420754,,2.044006615032631,3.7315152582693822,
South Sudan,63.678717618156774,-4.925337977777009,27.21963906717624,326.8152293472795,3.1264750292456287,3.2387266395518832,4.093680021697326
Spain,6.221054357405487,3.2435737969139593,,56.474543897753016,1.6666212374734037,,2.9382355937234665
Sri Lanka,8.765335424121547,4.326221500210247,33.66042432506712,67.76037897253467,2.018443749027423,3.5133944839379607,3.5893479913308206
St. Kitts and Nevis,2.94343507619157,3.741924653404692,92.88996872640017,2.4931539620684404,1.1949118044011746,4.4954317432862885,1.2446686725611817
St. Lucia,4.85516219353516,3.4129358444384663,59.84376247994533,2.4931539620684404,1.3917658514499538,4.087232504700524,1.2446686725611817
St. Martin (French part),,-1.5857138925360985,,3.636926355701906,,,1.3623598892843498
St. Vincent and the Grenadines,3.89817104287726,2.98236028642187,62.59311125031517,2.4931539620684404,1.298105611812243,4.139858173138812,1.2446686725611817
Sub-Saharan Africa,8.097335711452862,3.3147955565243037,39.976991307370305,,2.115332722679453,3.620793661039272,
Sub-Saharan Africa (IDA & IBRD countries),8.097335711452862,3.314795556524303,39.97699130737031,,2.115332722679453,3.6207936610392726,
Sub-Saharan Africa (excluding high income),7.559844894676534,3.25008841749588,40.25667736845662,,2.0568785089887256,3.6294703227818927,
Sudan,38.83959525057638,2.045591667447518,19.43828033394382,17.65276541688855,3.083853096354447,2.9591339897070803,0.8614592756821646
Suriname,27.684787899972097,2.5076815197669498,54.38697417806768,3.0436745525623015,2.4594875636000175,3.9107859209759104,0.7288082403754801
Sweden,4.3705610268793045,2.441031738468182,54.42521173256627,6.794969946670477,1.406901231109208,3.992574374223243,2.0280328044048024
Switzerland,2.349878704586938,2.1406226693069774,112.37153667172608,2.055306794937298,0.9738126163814326,4.7044897265205465,1.0460348950256642
Syrian Arab Republic,11.373614732831077,3.5142455961637222,50.978319130115814,118.1571057417519,2.2093898401601266,3.8953098438613756,2.717870350608012
Tajikistan,11.1874533417745,2.800031809899064,18.652290977219238,4.626437241650508,2.347264668507786,2.888604914403324,1.4636865452194359
Tanzania,14.471235542612447,3.8589089004687245,16.474580759402095,721.1352625850027,2.497191179066631,2.8073870630537985,4.91454023195775
Thailand,4.047312794987192,5.508240305702215,79.22072627610578,28.078858497272062,1.2048405451979516,4.232716529546658,3.341134080826199
Timor-Leste,4.745969038627276,4.88825889538015,33.8590325126681,1.0,1.5087579911745912,3.464202972980108,0.6931471805599453
Togo,4.961847284681057,4.0637554589549545,24.214623344281524,410.7592696281715,1.2661217901995732,3.113780956720308,5.944740984510454
Tonga,6.832843149325485,1.6336675240666756,44.547098562136156,1.4509636450124284,1.8214467271950765,3.778335305853245,0.8721118127724224
Trinidad and Tobago,6.920641514306064,2.997194446082868,43.35107485643249,4.402078365373929,1.875541114053597,3.733706532495413,1.604187148301269
Tunisia,5.100993215258924,3.4436909607119066,50.043557249199516,1.1460639740906022,1.752209719452549,3.896499275409514,0.7081623971154078
Turkiye,32.842919702517165,4.761685236849008,33.45702163358178,2.0329147083593324,3.0999720184192956,3.4566571223402542,0.5580977859826634
Turkmenistan,,5.5878903980729575,,3502.670625000001,,,7.288368759445446
Turks and Caicos Islands,,8.406153282249097,,1.0,,,0.6931471805599453
Tuvalu,0.5005807431527,2.5721031775333287,,1.51535803855596,0.40585219528205674,,0.9224151546741556
Uganda,6.022884353904123,5.648489415703499,16.652112576068077,1189.177508999788,1.7689719851804118,2.834536168226226,4.438453939226207
Ukraine,201.29190152677964,-1.4819942706466662,38.43030050857851,12.541113058020834,2.8440684450949427,3.584849360465588,2.189971111195324
United Arab Emirates,2.0676990173222114,7.37165085485583,49.36349425328247,3.8250040486944883,1.084639207250328,3.7522112956377316,1.5715918581992876
United Kingdom,5.092417326519503,2.2751086769306603,82.60840610815434,0.5745197891012216,1.58656922827761,4.250154563862542,0.45028730310016124
United States,3.7577044791178147,3.0275433190581054,75.29047429971934,1.0,1.415806627127447,4.322773374368078,0.6931471805599453
Upper middle income,7.5546092664454525,5.173979807090756,72.95447207964386,,2.0130856963197807,4.115654867625655,
Uruguay,36.337158126862604,2.2049073750207993,40.56927719003531,11.428356959461539,3.184989475181483,3.679858042529059,1.5667836407900544
Uzbekistan,11.833568543834394,4.554529751226356,18.437036908154727,4924.940263370198,2.5329617628620684,2.9648711080523156,7.257604870237172
Vanuatu,4.513590791516284,2.251205529397642,91.56821565814467,102.44067779951229,1.5020098989718347,4.51631195897849,4.624974691835381
"Venezuela, RB",72.74028896000765,2.80546660381058,29.335282638418207,1.1824541440269767,3.916507668855858,3.372862003276064,0.46929217221676217
Viet Nam,5.611181734682327,6.379758910606703,79.27459178164393,15092.052394331127,1.7078797672412411,4.214250400257175,9.065069558085575
Virgin Islands (U.S.),,-0.7998471818544547,,1.0,,,0.6931471805599453
West Bank and Gaza,4.902095103528666,3.0859403312412987,73.77643791319237,,1.2753358152084633,4.29581927736388,
World,5.3162215025555675,3.461497267152728,87.2853533173428,,1.7487361509958559,4.435809697382011,
"Yemen, Rep.",17.495676814766558,1.8615773671716798,37.11694016165291,273.4583863550015,2.666608410559994,3.6302227208037734,5.036596705170705
Zambia,35.236352398378365,3.3296067774666063,23.379608982963035,3.676661819669607,3.1311234836850375,3.160632765143041,1.000528831141366
Zimbabwe,79.61135123223463,2.9550370365830525,28.78499041063023,124501282.28627728,2.6739595795258393,3.2459055145136504,1.3580496344223112
